과제,사례ID,지역코드,구역,지표,단위,예상값(수집 전),예상 근거,기준 PC 값(2026-10-08),수집 후 값,차이(%),허용 범위,판정,원인·메모
T1,J01,52110,송천1동 (개발지),기준 전력 2025 (공동주택 K-apt),kWh,,,84145683.0,,,"±0.5% (기준 PC와), 예상은 ±25%",,
T1,J01,52110,송천1동 (개발지),12개월 관측 지번·단지 수 2025,곳,,,32,,,구역 단지의 80% 이상,,
T1,J01,52110,송천1동 (개발지),전력 원단위 (기준 건물),kWh/m²,,,29.06,,,예상 ±25%,,
T1,J01,52110,송천1동 (개발지),필요 감축량 (목표 −20%),tCO2eq/년,,,8419.5,,,±0.5% (기준 PC와),,
T1,J01,52110,송천1동 (개발지),지역 전체 효율 개선,%,,,22.4,,,예상 ±2%p,,
T1,J01,52110,송천1동 (개발지),태양광 설비 (추정),kW,,,16205.2,,,예상 ±15%,,
T1,J01,52110,송천1동 (개발지),태양광 kW당 연 발전량,kWh/kW·년,,,1199.9,,,"1,150~1,300",,
T1,J01,52110,송천1동 (개발지),개발 연도 (자동),년,,,2019,,,—,,
T1,J01,52110,송천1동 (개발지),개발 전후 전력 변화 (관측 또는 추정),kWh/년,,,33059410.7,,,방향(+/−) 일치,,
T1,J01,52110,송천1동 (개발지),탄소공간지도 같은 칸 비율 중앙값,배,,,,,,0.6~1.2,,
T1,J01,52110,송천1동 (개발지),check-standard FAIL 수,건,,,,,,0,,
T1,J03,52110,효자5동 (상업지),기준 전력 2025 (건물 전체 건축HUB),kWh,,,160874572.0,,,"±0.5% (기준 PC와), 예상은 ±25%",,
T1,J03,52110,효자5동 (상업지),12개월 관측 지번·단지 수 2025,곳,,,577,,,구역 단지의 80% 이상,,
T1,J03,52110,효자5동 (상업지),전력 원단위 (기준 건물),kWh/m²,,,66.26,,,예상 ±25%,,
T1,J03,52110,효자5동 (상업지),필요 감축량 (목표 −20%),tCO2eq/년,,,16083.5,,,±0.5% (기준 PC와),,
T1,J03,52110,효자5동 (상업지),지역 전체 효율 개선,%,,,22.4,,,예상 ±2%p,,
T1,J03,52110,효자5동 (상업지),태양광 설비 (추정),kW,,,30956.3,,,예상 ±15%,,
T1,J03,52110,효자5동 (상업지),태양광 kW당 연 발전량,kWh/kW·년,,,1199.9,,,"1,150~1,300",,
T1,J03,52110,효자5동 (상업지),개발 연도 (자동),년,,,2016,,,—,,
T1,J03,52110,효자5동 (상업지),개발 전후 전력 변화 (관측 또는 추정),kWh/년,,,4288141.9,,,방향(+/−) 일치,,
T1,J03,52110,효자5동 (상업지),탄소공간지도 같은 칸 비율 중앙값,배,,,,,,0.6~1.2,,
T1,J03,52110,효자5동 (상업지),check-standard FAIL 수,건,,,,,,0,,
T2,G01,11740,고덕2동 (개발지),기준 전력 2025 (공동주택 K-apt),kWh,,,26760667.0,,,"±0.5% (기준 PC와), 예상은 ±25%",,
T2,G01,11740,고덕2동 (개발지),12개월 관측 지번·단지 수 2025,곳,,,3,,,구역 단지의 80% 이상,,
T2,G01,11740,고덕2동 (개발지),전력 원단위 (기준 건물),kWh/m²,,,23.87,,,예상 ±25%,,
T2,G01,11740,고덕2동 (개발지),필요 감축량 (목표 −20%),tCO2eq/년,,,2937.7,,,±0.5% (기준 PC와),,
T2,G01,11740,고덕2동 (개발지),지역 전체 효율 개선,%,,,24.1,,,예상 ±2%p,,
T2,G01,11740,고덕2동 (개발지),태양광 설비 (추정),kW,,,5899.5,,,예상 ±15%,,
T2,G01,11740,고덕2동 (개발지),태양광 kW당 연 발전량,kWh/kW·년,,,1150.0,,,"1,150~1,300",,
T2,G01,11740,고덕2동 (개발지),개발 연도 (자동),년,,,2019,,,—,,
T2,G01,11740,고덕2동 (개발지),개발 전후 전력 변화 (관측 또는 추정),kWh/년,,,26203047.9,,,방향(+/−) 일치,,
T2,G01,11740,고덕2동 (개발지),탄소공간지도 같은 칸 비율 중앙값,배,,,,,,0.6~1.2,,
T2,G01,11740,고덕2동 (개발지),check-standard FAIL 수,건,,,,,,0,,
T2,G02,11740,천호3동 (상업지),기준 전력 2025 (건물 전체 건축HUB),kWh,,,107072181.0,,,"±0.5% (기준 PC와), 예상은 ±25%",,
T2,G02,11740,천호3동 (상업지),12개월 관측 지번·단지 수 2025,곳,,,470,,,구역 단지의 80% 이상,,
T2,G02,11740,천호3동 (상업지),전력 원단위 (기준 건물),kWh/m²,,,78.40,,,예상 ±25%,,
T2,G02,11740,천호3동 (상업지),필요 감축량 (목표 −20%),tCO2eq/년,,,10630.3,,,±0.5% (기준 PC와),,
T2,G02,11740,천호3동 (상업지),지역 전체 효율 개선,%,,,22.3,,,예상 ±2%p,,
T2,G02,11740,천호3동 (상업지),태양광 설비 (추정),kW,,,21348.2,,,예상 ±15%,,
T2,G02,11740,천호3동 (상업지),태양광 kW당 연 발전량,kWh/kW·년,,,1150.0,,,"1,150~1,300",,
T2,G02,11740,천호3동 (상업지),개발 연도 (자동),년,,,2017,,,—,,
T2,G02,11740,천호3동 (상업지),개발 전후 전력 변화 (관측 또는 추정),kWh/년,,,4910048.5,,,방향(+/−) 일치,,
T2,G02,11740,천호3동 (상업지),탄소공간지도 같은 칸 비율 중앙값,배,,,,,,0.6~1.2,,
T2,G02,11740,천호3동 (상업지),check-standard FAIL 수,건,,,,,,0,,
T3,B01,26440,명지1동 (개발지),기준 전력 2025 (공동주택 K-apt),kWh,,,62822983.0,,,"±0.5% (기준 PC와), 예상은 ±25%",,
T3,B01,26440,명지1동 (개발지),12개월 관측 지번·단지 수 2025,곳,,,19,,,구역 단지의 80% 이상,,
T3,B01,26440,명지1동 (개발지),전력 원단위 (기준 건물),kWh/m²,,,27.54,,,예상 ±25%,,
T3,B01,26440,명지1동 (개발지),필요 감축량 (목표 −20%),tCO2eq/년,,,6155.9,,,±0.5% (기준 PC와),,
T3,B01,26440,명지1동 (개발지),지역 전체 효율 개선,%,,,22.1,,,예상 ±2%p,,
T3,B01,26440,명지1동 (개발지),태양광 설비 (추정),kW,,,10986.7,,,예상 ±15%,,
T3,B01,26440,명지1동 (개발지),태양광 kW당 연 발전량,kWh/kW·년,,,1294.0,,,"1,150~1,300",,
T3,B01,26440,명지1동 (개발지),개발 연도 (자동),년,,,2016,,,—,,
T3,B01,26440,명지1동 (개발지),개발 전후 전력 변화 (관측 또는 추정),kWh/년,,,33859893.9,,,방향(+/−) 일치,,
T3,B01,26440,명지1동 (개발지),탄소공간지도 같은 칸 비율 중앙값,배,,,,,,0.6~1.2,,
T3,B01,26440,명지1동 (개발지),check-standard FAIL 수,건,,,,,,0,,
T3,B02,26440,명지1동 상업 중심 격자 (상업지),기준 전력 2025 (건물 전체 건축HUB),kWh,,,24162764.0,,,"±0.5% (기준 PC와), 예상은 ±25%",,
T3,B02,26440,명지1동 상업 중심 격자 (상업지),12개월 관측 지번·단지 수 2025,곳,,,14,,,구역 단지의 80% 이상,,
T3,B02,26440,명지1동 상업 중심 격자 (상업지),전력 원단위 (기준 건물),kWh/m²,,,49.07,,,예상 ±25%,,
T3,B02,26440,명지1동 상업 중심 격자 (상업지),필요 감축량 (목표 −20%),tCO2eq/년,,,2729.9,,,±0.5% (기준 PC와),,
T3,B02,26440,명지1동 상업 중심 격자 (상업지),지역 전체 효율 개선,%,,,24.6,,,예상 ±2%p,,
T3,B02,26440,명지1동 상업 중심 격자 (상업지),태양광 설비 (추정),kW,,,4872.2,,,예상 ±15%,,
T3,B02,26440,명지1동 상업 중심 격자 (상업지),태양광 kW당 연 발전량,kWh/kW·년,,,1294.0,,,"1,150~1,300",,
T3,B02,26440,명지1동 상업 중심 격자 (상업지),개발 연도 (자동),년,,,2020,,,—,,
T3,B02,26440,명지1동 상업 중심 격자 (상업지),개발 전후 전력 변화 (관측 또는 추정),kWh/년,,,,,,방향(+/−) 일치,,
T3,B02,26440,명지1동 상업 중심 격자 (상업지),탄소공간지도 같은 칸 비율 중앙값,배,,,,,,0.6~1.2,,
T3,B02,26440,명지1동 상업 중심 격자 (상업지),check-standard FAIL 수,건,,,,,,0,,
T4,(추가),36110,해밀동 (개발지),기준 전력 2025 (공동주택 K-apt),kWh,,,,,,"±0.5% (기준 PC와), 예상은 ±25%",,
T4,(추가),36110,해밀동 (개발지),12개월 관측 지번·단지 수 2025,곳,,,,,,구역 단지의 80% 이상,,
T4,(추가),36110,해밀동 (개발지),전력 원단위 (기준 건물),kWh/m²,,,,,,예상 ±25%,,
T4,(추가),36110,해밀동 (개발지),필요 감축량 (목표 −20%),tCO2eq/년,,,,,,±0.5% (기준 PC와),,
T4,(추가),36110,해밀동 (개발지),지역 전체 효율 개선,%,,,,,,예상 ±2%p,,
T4,(추가),36110,해밀동 (개발지),태양광 설비 (추정),kW,,,,,,예상 ±15%,,
T4,(추가),36110,해밀동 (개발지),태양광 kW당 연 발전량,kWh/kW·년,,,,,,"1,150~1,300",,
T4,(추가),36110,해밀동 (개발지),개발 연도 (자동),년,,,,,,—,,
T4,(추가),36110,해밀동 (개발지),개발 전후 전력 변화 (관측 또는 추정),kWh/년,,,,,,방향(+/−) 일치,,
T4,(추가),36110,해밀동 (개발지),탄소공간지도 같은 칸 비율 중앙값,배,,,,,,0.6~1.2,,
T4,(추가),36110,해밀동 (개발지),check-standard FAIL 수,건,,,,,,0,,
T4,(추가),36110,어진동 (상업지),기준 전력 2025 (건물 전체 건축HUB),kWh,,,,,,"±0.5% (기준 PC와), 예상은 ±25%",,
T4,(추가),36110,어진동 (상업지),12개월 관측 지번·단지 수 2025,곳,,,,,,구역 단지의 80% 이상,,
T4,(추가),36110,어진동 (상업지),전력 원단위 (기준 건물),kWh/m²,,,,,,예상 ±25%,,
T4,(추가),36110,어진동 (상업지),필요 감축량 (목표 −20%),tCO2eq/년,,,,,,±0.5% (기준 PC와),,
T4,(추가),36110,어진동 (상업지),지역 전체 효율 개선,%,,,,,,예상 ±2%p,,
T4,(추가),36110,어진동 (상업지),태양광 설비 (추정),kW,,,,,,예상 ±15%,,
T4,(추가),36110,어진동 (상업지),태양광 kW당 연 발전량,kWh/kW·년,,,,,,"1,150~1,300",,
T4,(추가),36110,어진동 (상업지),개발 연도 (자동),년,,,,,,—,,
T4,(추가),36110,어진동 (상업지),개발 전후 전력 변화 (관측 또는 추정),kWh/년,,,,,,방향(+/−) 일치,,
T4,(추가),36110,어진동 (상업지),탄소공간지도 같은 칸 비율 중앙값,배,,,,,,0.6~1.2,,
T4,(추가),36110,어진동 (상업지),check-standard FAIL 수,건,,,,,,0,,
