우선순위,grid_id,sgis500_code,행정동,x_min_5179,y_min_5179,x_max_5179,y_max_5179,100m_칸수,중심_경도,중심_위도,계측_건물탄소_t,탄소_순위,인구_2024,선정_이유
1,cell_967500_1761000,다마67b61a,금암2동·인후2동,967500,1761000,968000,1761500,25,127.142862,35.847247,22712,1,486,계측 건물 탄소 상위 1위
1,cell_964500_1757500,다마64b57b,효자5동,964500,1757500,965000,1758000,25,127.109795,35.815588,21484,2,4755,계측 건물 탄소 상위 2위 / 2018년 이후 준공 단지 2곳 / 건축HUB+K-apt 함께 관측(검증용)
1,cell_960000_1760000,다마60a60a,혁신동·이서면,960000,1760000,960500,1760500,25,127.059859,35.837956,18515,3,4604,계측 건물 탄소 상위 3위 / 2018년 이후 준공 단지 1곳
1,cell_964000_1764000,다마64a64a,송천2동,964000,1764000,964500,1764500,25,127.103969,35.874174,18420,4,8,계측 건물 탄소 상위 4위
1,cell_964000_1757500,다마64a57b,효자5동,964000,1757500,964500,1758000,25,127.104261,35.81557,16931,5,1565,계측 건물 탄소 상위 5위 / 건축HUB+K-apt 함께 관측(검증용)
1,cell_965500_1759500,다마65b59b,서신동,965500,1759500,966000,1760000,25,127.120779,35.833655,16718,6,2519,계측 건물 탄소 상위 6위 / 건축HUB+K-apt 함께 관측(검증용)
1,cell_965000_1759500,다마65a59b,서신동,965000,1759500,965500,1760000,25,127.115243,35.833638,14468,7,7832,계측 건물 탄소 상위 7위 / 건축HUB+K-apt 함께 관측(검증용)
1,cell_964000_1755500,다마64a55b,효자4동,964000,1755500,964500,1756000,25,127.10435,35.797538,14337,8,6822,계측 건물 탄소 상위 8위 / 2018년 이후 준공 단지 2곳 / 건축HUB+K-apt 함께 관측(검증용)
1,cell_966000_1760500,다마66a60b,덕진동,966000,1760500,966500,1761000,25,127.126273,35.842689,14147,9,1776,계측 건물 탄소 상위 9위
1,cell_969500_1759500,다마69b59b,인후3동·우아2동,969500,1759500,970000,1760000,25,127.165067,35.833787,13860,10,5495,계측 건물 탄소 상위 10위 / 건축HUB+K-apt 함께 관측(검증용)
1,cell_966000_1764000,다마66a64a,송천1동·송천2동,966000,1764000,966500,1764500,25,127.126125,35.874245,13636,11,1822,계측 건물 탄소 상위 11위
1,cell_967500_1758000,다마67b58a,중앙동,967500,1758000,968000,1758500,25,127.142983,35.820199,12974,12,591,계측 건물 탄소 상위 12위
1,cell_965000_1756500,다마65a56b,효자3동·효자2동,965000,1756500,965500,1757000,25,127.115374,35.80659,12925,13,3906,계측 건물 탄소 상위 13위 / 건축HUB+K-apt 함께 관측(검증용)
1,cell_966500_1764500,다마66b64b,송천1동,966500,1764500,967000,1765000,25,127.131642,35.87877,12046,14,5499,계측 건물 탄소 상위 14위 / 2018년 이후 준공 단지 3곳 / 건축HUB+K-apt 함께 관측(검증용)
1,cell_966000_1755500,다마66a55b,삼천2동·삼천1동,966000,1755500,966500,1756000,25,127.126484,35.797609,12032,15,7332,계측 건물 탄소 상위 15위 / 건축HUB+K-apt 함께 관측(검증용)
1,cell_968000_1758500,다마68a58b,노송동,968000,1758500,968500,1759000,25,127.148499,35.824724,11880,16,599,계측 건물 탄소 상위 16위
1,cell_967000_1759000,다마67a59a,진북동,967000,1759000,967500,1759500,25,127.137407,35.829199,11703,17,1996,계측 건물 탄소 상위 17위 / 건축HUB+K-apt 함께 관측(검증용)
1,cell_966500_1763000,다마66b63a,송천1동,966500,1763000,967000,1763500,25,127.131705,35.865246,11413,18,6209,계측 건물 탄소 상위 18위 / 건축HUB+K-apt 함께 관측(검증용)
1,cell_961000_1764000,다마61a64a,조촌동,961000,1764000,961500,1764500,25,127.070737,35.874059,11339,19,6730,계측 건물 탄소 상위 19위 / 2018년 이후 준공 단지 3곳 / 건축HUB+K-apt 함께 관측(검증용)
1,cell_965000_1758500,다마65a58b,중화산2동·서신동,965000,1758500,965500,1759000,25,127.115287,35.824622,11025,20,5318,계측 건물 탄소 상위 20위 / 건축HUB+K-apt 함께 관측(검증용)
1,cell_970000_1759000,다마70a59a,우아2동·인후3동,970000,1759000,970500,1759500,25,127.170621,35.829294,10900,21,2840,계측 건물 탄소 상위 21위 / 건축HUB+K-apt 함께 관측(검증용)
1,cell_964500_1755500,다마64b55b,삼천3동·효자4동,964500,1755500,965000,1756000,25,127.109884,35.797556,10853,22,4786,계측 건물 탄소 상위 22위 / 2018년 이후 준공 단지 1곳 / 건축HUB+K-apt 함께 관측(검증용)
1,cell_966500_1760000,다마66b60a,금암1동,966500,1760000,967000,1760500,25,127.13183,35.838198,10811,23,2791,계측 건물 탄소 상위 23위
1,cell_968500_1762000,다마68b62a,호성동·우아1동,968500,1762000,969000,1762500,25,127.153897,35.856296,10800,24,7341,기본 대상지(호성동·우아1동) 3×3 / 계측 건물 탄소 상위 24위 / 건축HUB+K-apt 함께 관측(검증용)
1,cell_965000_1763000,다마65a63a,송천2동,965000,1763000,965500,1763500,25,127.115091,35.865194,10676,25,4894,계측 건물 탄소 상위 25위 / 건축HUB+K-apt 함께 관측(검증용)
1,cell_966000_1754000,다마66a54a,평화2동,966000,1754000,966500,1754500,25,127.126547,35.784085,9984,29,6824,탄소 상위 100 (29위) / 2018년 이후 준공 단지 4곳 / 건축HUB+K-apt 함께 관측(검증용)
1,cell_967000_1758500,다마67a58b,중앙동·진북동,967000,1758500,967500,1759000,25,127.137428,35.824691,9794,34,5452,탄소 상위 100 (34위) / 2018년 이후 준공 단지 1곳 / 건축HUB+K-apt 함께 관측(검증용)
1,cell_966500_1764000,다마66b64a,송천1동,966500,1764000,967000,1764500,25,127.131663,35.874262,9500,39,8466,탄소 상위 100 (39위) / 2018년 이후 준공 단지 4곳 / 건축HUB+K-apt 함께 관측(검증용)
1,cell_961500_1760500,다마61b60b,혁신동,961500,1760500,962000,1761000,25,127.076444,35.842523,9443,41,2613,탄소 상위 100 (41위) / 2018년 이후 준공 단지 2곳 / 건축HUB+K-apt 함께 관측(검증용)
1,cell_968000_1762500,다마68a62b,호성동,968000,1762500,968500,1763000,25,127.148339,35.860788,9388,44,3135,기본 대상지(호성동·우아1동) 3×3 / 탄소 상위 100 (44위) / 건축HUB+K-apt 함께 관측(검증용)
1,cell_965500_1763000,다마65b63a,송천2동·송천1동,965500,1763000,966000,1763500,25,127.120629,35.865211,8873,46,3747,탄소 상위 100 (46위) / 2018년 이후 준공 단지 1곳 / 건축HUB+K-apt 함께 관측(검증용)
1,cell_967500_1758500,다마67b58b,중앙동·노송동,967500,1758500,968000,1759000,25,127.142963,35.824707,8822,47,1356,탄소 상위 100 (47위) / 2018년 이후 준공 단지 1곳
1,cell_967000_1764000,다마67a64a,송천1동,967000,1764000,967500,1764500,25,127.137202,35.874279,8578,53,5951,탄소 상위 100 (53위) / 2018년 이후 준공 단지 3곳 / 건축HUB+K-apt 함께 관측(검증용)
1,cell_964000_1756000,다마64a56a,효자4동,964000,1756000,964500,1756500,25,127.104328,35.802046,8101,59,4319,탄소 상위 100 (59위) / 2018년 이후 준공 단지 1곳 / 건축HUB+K-apt 함께 관측(검증용)
1,cell_961500_1760000,다마61b60a,혁신동,961500,1760000,962000,1760500,25,127.076467,35.838015,7849,62,4140,탄소 상위 100 (62위) / 2018년 이후 준공 단지 3곳 / 건축HUB+K-apt 함께 관측(검증용)
1,cell_966000_1759000,다마66a59a,서신동·진북동,966000,1759000,966500,1759500,25,127.126336,35.829165,7822,63,4778,탄소 상위 100 (63위) / 2018년 이후 준공 단지 1곳 / 건축HUB+K-apt 함께 관측(검증용)
1,cell_961500_1761000,다마61b61a,혁신동,961500,1761000,962000,1761500,25,127.07642,35.847031,7754,64,4652,탄소 상위 100 (64위) / 2018년 이후 준공 단지 1곳 / 건축HUB+K-apt 함께 관측(검증용)
1,cell_969500_1760000,다마69b60a,우아2동·인후1동·인후3동,969500,1760000,970000,1760500,25,127.165048,35.838295,7616,66,4585,탄소 상위 100 (66위) / 2018년 이후 준공 단지 1곳 / 건축HUB+K-apt 함께 관측(검증용)
1,cell_966000_1756500,다마66a56b,효자1동,966000,1756500,966500,1757000,25,127.126442,35.806625,7565,67,5410,탄소 상위 100 (67위) / 2018년 이후 준공 단지 1곳 / 건축HUB+K-apt 함께 관측(검증용)
1,cell_966000_1756000,다마66a56a,삼천1동·효자1동,966000,1756000,966500,1756500,25,127.126463,35.802117,6499,75,5089,탄소 상위 100 (75위) / 2018년 이후 준공 단지 1곳 / 건축HUB+K-apt 함께 관측(검증용)
1,cell_967000_1764500,다마67a64b,송천1동·호성동,967000,1764500,967500,1765000,25,127.137182,35.878787,5950,79,3800,탄소 상위 100 (79위) / 2018년 이후 준공 단지 2곳 / 건축HUB+K-apt 함께 관측(검증용)
1,cell_967000_1759500,다마67a59b,금암2동·금암1동·진북동,967000,1759500,967500,1760000,25,127.137387,35.833707,5155,95,1859,탄소 상위 100 (95위) / 2018년 이후 준공 단지 1곳 / 건축HUB+K-apt 함께 관측(검증용)
1,cell_967000_1763500,다마67a63b,송천1동,967000,1763500,967500,1764000,25,127.137223,35.869771,4856,106,1046,탄소 상위 200 (106위) / 2018년 이후 준공 단지 1곳 / 건축HUB+K-apt 함께 관측(검증용)
1,cell_967500_1755000,다마67b55a,평화1동,967500,1755000,968000,1755500,25,127.143104,35.793151,4505,115,2521,탄소 상위 200 (115위) / 2018년 이후 준공 단지 1곳 / 건축HUB+K-apt 함께 관측(검증용)
1,cell_962000_1761000,다마62a61a,혁신동,962000,1761000,962500,1761500,25,127.081956,35.847051,4291,118,2512,탄소 상위 200 (118위) / 2018년 이후 준공 단지 1곳 / 건축HUB+K-apt 함께 관측(검증용)
1,cell_969000_1761000,다마69a61a,우아1동,969000,1761000,969500,1761500,25,127.159473,35.847295,4094,122,1229,탄소 상위 200 (122위) / 2018년 이후 준공 단지 1곳
1,cell_968500_1761500,다마68b61b,우아1동,968500,1761500,969000,1762000,25,127.153917,35.851788,3130,135,4535,기본 대상지(호성동·우아1동) 3×3 / 탄소 상위 200 (135위) / 2018년 이후 준공 단지 2곳
1,cell_961000_1763500,다마61a63b,여의동,961000,1763500,961500,1764000,25,127.070761,35.869552,3124,136,2591,탄소 상위 200 (136위) / 2018년 이후 준공 단지 1곳 / 건축HUB+K-apt 함께 관측(검증용)
1,cell_961500_1764500,다마61b64b,조촌동·여의동,961500,1764500,962000,1765000,25,127.076252,35.878587,2879,144,1412,탄소 상위 200 (144위) / 2018년 이후 준공 단지 1곳 / 건축HUB+K-apt 함께 관측(검증용)
1,cell_961500_1764000,다마61b64a,조촌동·여의동,961500,1764000,962000,1764500,25,127.076276,35.874079,2861,145,1890,탄소 상위 200 (145위) / 2018년 이후 준공 단지 1곳 / 건축HUB+K-apt 함께 관측(검증용)
1,cell_964500_1756000,다마64b56a,효자4동·효자3동,964500,1756000,965000,1756500,25,127.109861,35.802064,2720,147,1950,탄소 상위 200 (147위) / 2018년 이후 준공 단지 1곳 / 건축HUB+K-apt 함께 관측(검증용)
1,cell_968500_1762500,다마68b62b,호성동,968500,1762500,969000,1763000,25,127.153877,35.860804,2707,149,2262,기본 대상지(호성동·우아1동) 3×3 / 탄소 상위 200 (149위) / 건축HUB+K-apt 함께 관측(검증용)
1,cell_969000_1761500,다마69a61b,우아1동,969000,1761500,969500,1762000,25,127.159454,35.851803,2503,158,1473,기본 대상지(호성동·우아1동) 3×3 / 탄소 상위 200 (158위)
1,cell_963500_1759000,다마63b59a,효자5동,963500,1759000,964000,1759500,25,127.098658,35.829076,2220,168,3493,탄소 상위 200 (168위) / 단독주택 밀집(건축HUB 미포함) / 건축HUB+K-apt 함께 관측(검증용)
1,cell_966500_1763500,다마66b63b,송천1동,966500,1763500,967000,1764000,25,127.131684,35.869754,2148,173,3190,탄소 상위 200 (173위) / 2018년 이후 준공 단지 1곳 / 건축HUB+K-apt 함께 관측(검증용)
1,cell_963500_1762500,다마63b62b,팔복동,963500,1762500,964000,1763000,25,127.098499,35.860631,1576,186,680,탄소 상위 200 (186위) / 2018년 이후 준공 단지 1곳 / 건축HUB+K-apt 함께 관측(검증용)
1,cell_966000_1759500,다마66a59b,진북동·서신동·덕진동,966000,1759500,966500,1760000,25,127.126315,35.833673,1476,189,1645,탄소 상위 200 (189위) / 2018년 이후 준공 단지 1곳 / 건축HUB+K-apt 함께 관측(검증용)
1,cell_965500_1755500,다마65b55b,삼천2동·삼천1동,965500,1755500,966000,1756000,25,127.12095,35.797591,1473,190,3138,탄소 상위 200 (190위) / 단독주택 밀집(건축HUB 미포함) / 건축HUB+K-apt 함께 관측(검증용)
1,cell_968500_1759000,다마68b59a,노송동·인후3동·인후1동,968500,1759000,969000,1759500,25,127.154014,35.829248,1450,191,2650,탄소 상위 200 (191위) / 2018년 이후 준공 단지 1곳
1,cell_966500_1756500,다마66b56b,효자1동·완산동,966500,1756500,967000,1757000,25,127.131976,35.806642,1362,195,1880,탄소 상위 200 (195위) / 2018년 이후 준공 단지 1곳 / 건축HUB+K-apt 함께 관측(검증용)
1,cell_966000_1764500,다마66a64b,송천2동·송천1동,966000,1764500,966500,1765000,25,127.126103,35.878753,1173,213,2529,2018년 이후 준공 단지 1곳 / 건축HUB+K-apt 함께 관측(검증용)
1,cell_963500_1758000,다마63b58a,효자5동,963500,1758000,964000,1758500,25,127.098703,35.82006,1139,220,3336,단독주택 밀집(건축HUB 미포함)
1,cell_961000_1761000,다마61a61a,혁신동·여의동,961000,1761000,961500,1761500,25,127.070883,35.847012,1111,224,457,2018년 이후 준공 단지 1곳 / 건축HUB+K-apt 함께 관측(검증용)
1,cell_969000_1762500,다마69a62b,호성동,969000,1762500,969500,1763000,25,127.159415,35.860819,446,280,63,기본 대상지(호성동·우아1동) 3×3
1,cell_969000_1762000,다마69a62a,우아1동·호성동,969000,1762000,969500,1762500,25,127.159435,35.856311,410,283,28,기본 대상지(호성동·우아1동) 3×3
1,cell_964000_1759000,다마64a59a,효자5동,964000,1759000,964500,1759500,25,127.104194,35.829094,374,290,2030,단독주택 밀집(건축HUB 미포함)
1,cell_969000_1758000,다마69a58a,노송동,969000,1758000,969500,1758500,25,127.159589,35.820247,344,295,1184,단독주택 밀집(건축HUB 미포함)
1,cell_969000_1757500,다마69a57b,풍남동·노송동,969000,1757500,969500,1758000,25,127.159608,35.815739,328,298,526,단독주택 밀집(건축HUB 미포함)
1,cell_969000_1756500,다마69a56b,동서학동,969000,1756500,969500,1757000,25,127.159646,35.806723,209,327,772,단독주택 밀집(건축HUB 미포함)
1,cell_963500_1758500,다마63b58b,효자5동,963500,1758500,964000,1759000,25,127.098681,35.824568,166,342,2819,단독주택 밀집(건축HUB 미포함)
1,cell_967500_1756500,다마67b56b,완산동,967500,1756500,968000,1757000,25,127.143044,35.806675,61,419,385,단독주택 밀집(건축HUB 미포함)
1,cell_966500_1758000,다마66b58a,진북동·중화산1동,966500,1758000,967000,1758500,25,127.131913,35.820166,59,420,365,단독주택 밀집(건축HUB 미포함)
1,cell_968000_1761500,다마68a61b,덕진동·호성동,968000,1761500,968500,1762000,25,127.148379,35.851772,0,816,8,기본 대상지(호성동·우아1동) 3×3
1,cell_968000_1762000,다마68a62a,호성동·덕진동,968000,1762000,968500,1762500,25,127.148359,35.85628,0,817,849,기본 대상지(호성동·우아1동) 3×3
2,cell_968500_1761000,다마68b61a,우아1동·인후2동,968500,1761000,969000,1761500,25,127.153936,35.84728,10590,26,2265,탄소 상위 100 (26위)
2,cell_966000_1763000,다마66a63a,송천1동,966000,1763000,966500,1763500,25,127.126167,35.865229,10437,27,5386,탄소 상위 100 (27위) / 건축HUB+K-apt 함께 관측(검증용)
2,cell_960500_1759500,다마60b59b,혁신동,960500,1759500,961000,1760000,25,127.06542,35.833468,9998,28,2313,탄소 상위 100 (28위) / 건축HUB+K-apt 함께 관측(검증용)
2,cell_965000_1756000,다마65a56a,효자3동,965000,1756000,965500,1756500,25,127.115395,35.802082,9979,30,7100,탄소 상위 100 (30위) / 건축HUB+K-apt 함께 관측(검증용)
2,cell_966500_1754500,다마66b54b,평화2동,966500,1754500,967000,1755000,25,127.132059,35.78861,9973,31,4902,탄소 상위 100 (31위) / 건축HUB+K-apt 함께 관측(검증용)
2,cell_965000_1762500,다마65a62b,송천2동,965000,1762500,965500,1763000,25,127.115112,35.860686,9834,32,5953,탄소 상위 100 (32위) / 건축HUB+K-apt 함께 관측(검증용)
2,cell_965000_1755000,다마65a55a,삼천3동·삼천2동,965000,1755000,965500,1755500,25,127.115439,35.793066,9810,33,6229,탄소 상위 100 (33위) / 건축HUB+K-apt 함께 관측(검증용)
2,cell_966500_1755000,다마66b55a,평화2동,966500,1755000,967000,1755500,25,127.132038,35.793118,9737,35,3354,탄소 상위 100 (35위) / 건축HUB+K-apt 함께 관측(검증용)
2,cell_966000_1763500,다마66a63b,송천1동,966000,1763500,966500,1764000,25,127.126146,35.869737,9700,36,4880,탄소 상위 100 (36위) / 건축HUB+K-apt 함께 관측(검증용)
2,cell_968500_1760000,다마68b60a,인후1동,968500,1760000,969000,1760500,25,127.153975,35.838264,9664,37,5611,탄소 상위 100 (37위) / 건축HUB+K-apt 함께 관측(검증용)
2,cell_965000_1760000,다마65a60a,서신동·덕진동,965000,1760000,965500,1760500,25,127.115221,35.838146,9613,38,4693,탄소 상위 100 (38위) / 건축HUB+K-apt 함께 관측(검증용)
2,cell_963500_1759500,다마63b59b,효자5동,963500,1759500,964000,1760000,25,127.098635,35.833584,9469,40,5804,탄소 상위 100 (40위) / 건축HUB+K-apt 함께 관측(검증용)
2,cell_964500_1759500,다마64b59b,서신동,964500,1759500,965000,1760000,25,127.109707,35.83362,9428,42,6595,탄소 상위 100 (42위) / 건축HUB+K-apt 함께 관측(검증용)
2,cell_964500_1758000,다마64b58a,효자5동,964500,1758000,965000,1758500,25,127.109773,35.820096,9419,43,858,탄소 상위 100 (43위) / 건축HUB+K-apt 함께 관측(검증용)
2,cell_966000_1762500,다마66a62b,송천1동,966000,1762500,966500,1763000,25,127.126188,35.860721,9129,45,6205,탄소 상위 100 (45위) / 건축HUB+K-apt 함께 관측(검증용)
2,cell_969500_1759000,다마69b59a,인후3동,969500,1759000,970000,1759500,25,127.165086,35.829279,8780,48,7140,탄소 상위 100 (48위) / 건축HUB+K-apt 함께 관측(검증용)
2,cell_967500_1755500,다마67b55b,평화1동,967500,1755500,968000,1756000,25,127.143084,35.797659,8774,49,3517,탄소 상위 100 (49위) / 건축HUB+K-apt 함께 관측(검증용)
2,cell_966000_1757500,다마66a57b,중화산1동·중화산2동,966000,1757500,966500,1758000,25,127.126399,35.815641,8764,50,2996,탄소 상위 100 (50위) / 건축HUB+K-apt 함께 관측(검증용)
2,cell_968500_1760500,다마68b60b,인후1동·우아1동·인후2동,968500,1760500,969000,1761000,25,127.153956,35.842772,8672,51,4996,탄소 상위 100 (51위) / 건축HUB+K-apt 함께 관측(검증용)
2,cell_968000_1758000,다마68a58a,풍남동,968000,1758000,968500,1758500,25,127.148519,35.820216,8660,52,998,탄소 상위 100 (52위)
2,cell_964500_1757000,다마64b57a,효자4동·효자3동,964500,1757000,965000,1757500,25,127.109817,35.81108,8480,54,5453,탄소 상위 100 (54위) / 건축HUB+K-apt 함께 관측(검증용)
2,cell_966000_1757000,다마66a57a,중화산1동,966000,1757000,966500,1757500,25,127.126421,35.811133,8468,55,3824,탄소 상위 100 (55위) / 건축HUB+K-apt 함께 관측(검증용)
2,cell_965000_1755500,다마65a55b,삼천3동·삼천2동,965000,1755500,965500,1756000,25,127.115417,35.797574,8400,56,4372,탄소 상위 100 (56위) / 건축HUB+K-apt 함께 관측(검증용)
2,cell_964000_1758000,다마64a58a,효자5동,964000,1758000,964500,1758500,25,127.104238,35.820078,8285,57,402,탄소 상위 100 (57위)
2,cell_963500_1756500,다마63b56b,효자4동,963500,1756500,964000,1757000,25,127.098771,35.806536,8224,58,3795,탄소 상위 100 (58위) / 건축HUB+K-apt 함께 관측(검증용)
2,cell_961000_1760000,다마61a60a,혁신동,961000,1760000,961500,1760500,25,127.070931,35.837996,8077,60,583,탄소 상위 100 (60위)
2,cell_965000_1757500,다마65a57b,중화산2동·효자2동,965000,1757500,965500,1758000,25,127.11533,35.815606,7884,61,3432,탄소 상위 100 (61위) / 건축HUB+K-apt 함께 관측(검증용)
2,cell_967000_1754000,다마67a54a,평화2동,967000,1754000,967500,1754500,25,127.137612,35.784118,7660,65,3843,탄소 상위 100 (65위) / 건축HUB+K-apt 함께 관측(검증용)
2,cell_964500_1760500,다마64b60b,덕진동,964500,1760500,965000,1761000,25,127.109663,35.842636,7331,68,4543,탄소 상위 100 (68위) / 건축HUB+K-apt 함께 관측(검증용)
2,cell_961500_1763500,다마61b63b,여의동,961500,1763500,962000,1764000,25,127.0763,35.869571,7316,69,3589,탄소 상위 100 (69위) / 건축HUB+K-apt 함께 관측(검증용)
2,cell_959500_1760500,다마59b60b,이서면·혁신동,959500,1760500,960000,1761000,25,127.054297,35.842443,7074,70,3522,탄소 상위 100 (70위) / 건축HUB+K-apt 함께 관측(검증용)
2,cell_970000_1758500,다마70a58b,우아2동·인후3동,970000,1758500,970500,1759000,25,127.17064,35.824786,6972,71,4727,탄소 상위 100 (71위) / 건축HUB+K-apt 함께 관측(검증용)
2,cell_965000_1758000,다마65a58a,중화산2동·효자5동,965000,1758000,965500,1758500,25,127.115308,35.820114,6888,72,1537,탄소 상위 100 (72위)
2,cell_966500_1756000,다마66b56a,효자1동·삼천1동,966500,1756000,967000,1756500,25,127.131997,35.802134,6677,73,4096,탄소 상위 100 (73위) / 건축HUB+K-apt 함께 관측(검증용)
2,cell_959500_1760000,다마59b60a,이서면,959500,1760000,960000,1760500,25,127.054323,35.837935,6662,74,3409,탄소 상위 100 (74위)
2,cell_967500_1757500,다마67b57b,중앙동,967500,1757500,968000,1758000,25,127.143004,35.815691,6413,76,1491,탄소 상위 100 (76위)
2,cell_968000_1757500,다마68a57b,풍남동,968000,1757500,968500,1758000,25,127.148538,35.815707,6402,77,532,탄소 상위 100 (77위)
2,cell_965500_1757500,다마65b57b,중화산2동,965500,1757500,966000,1758000,25,127.120865,35.815623,6037,78,2087,탄소 상위 100 (78위)
2,cell_964000_1757000,다마64a57a,효자4동,964000,1757000,964500,1757500,25,127.104283,35.811062,5939,80,6158,탄소 상위 100 (80위) / 건축HUB+K-apt 함께 관측(검증용)
2,cell_966500_1759500,다마66b59b,금암1동·진북동,966500,1759500,967000,1760000,25,127.131851,35.83369,5908,81,2792,탄소 상위 100 (81위) / 건축HUB+K-apt 함께 관측(검증용)
2,cell_966500_1757000,다마66b57a,중화산1동·완산동,966500,1757000,967000,1757500,25,127.131955,35.81115,5874,82,5480,탄소 상위 100 (82위) / 건축HUB+K-apt 함께 관측(검증용)
2,cell_965500_1762000,다마65b62a,송천1동·송천2동,965500,1762000,966000,1762500,25,127.120672,35.856195,5828,83,3258,탄소 상위 100 (83위) / 건축HUB+K-apt 함께 관측(검증용)
2,cell_967000_1754500,다마67a54b,평화2동,967000,1754500,967500,1755000,25,127.137592,35.788626,5757,84,3504,탄소 상위 100 (84위) / 건축HUB+K-apt 함께 관측(검증용)
2,cell_964500_1760000,다마64b60a,서신동·덕진동,964500,1760000,965000,1760500,25,127.109685,35.838128,5688,85,3682,탄소 상위 100 (85위) / 건축HUB+K-apt 함께 관측(검증용)
2,cell_964000_1756500,다마64a56b,효자4동,964000,1756500,964500,1757000,25,127.104305,35.806554,5630,86,2495,탄소 상위 100 (86위) / 건축HUB+K-apt 함께 관측(검증용)
2,cell_967000_1755000,다마67a55a,평화1동·평화2동,967000,1755000,967500,1755500,25,127.137571,35.793134,5549,87,4809,탄소 상위 100 (87위) / 건축HUB+K-apt 함께 관측(검증용)
2,cell_960000_1760500,다마60a60b,혁신동,960000,1760500,960500,1761000,25,127.059834,35.842464,5504,88,3060,탄소 상위 100 (88위) / 건축HUB+K-apt 함께 관측(검증용)
2,cell_965500_1761500,다마65b61b,덕진동·송천1동,965500,1761500,966000,1762000,25,127.120693,35.851687,5354,89,2003,탄소 상위 100 (89위) / 건축HUB+K-apt 함께 관측(검증용)
2,cell_966500_1754000,다마66b54a,평화2동,966500,1754000,967000,1754500,25,127.13208,35.784102,5283,90,5965,탄소 상위 100 (90위) / 건축HUB+K-apt 함께 관측(검증용)
2,cell_966500_1755500,다마66b55b,평화2동·삼천1동·삼천2동,966500,1755500,967000,1756000,25,127.132017,35.797626,5272,91,2297,탄소 상위 100 (91위) / 건축HUB+K-apt 함께 관측(검증용)
2,cell_964500_1759000,다마64b59a,효자5동·서신동,964500,1759000,965000,1759500,25,127.109729,35.829112,5255,92,3131,탄소 상위 100 (92위) / 건축HUB+K-apt 함께 관측(검증용)
2,cell_968000_1763000,다마68a63a,호성동,968000,1763000,968500,1763500,25,127.14832,35.865296,5214,93,3260,탄소 상위 100 (93위) / 건축HUB+K-apt 함께 관측(검증용)
2,cell_968000_1755500,다마68a55b,서서학동,968000,1755500,968500,1756000,25,127.148618,35.797675,5197,94,2678,탄소 상위 100 (94위) / 건축HUB+K-apt 함께 관측(검증용)
2,cell_969000_1760000,다마69a60a,인후1동·인후3동,969000,1760000,969500,1760500,25,127.159512,35.838279,5126,96,3071,탄소 상위 100 (96위) / 건축HUB+K-apt 함께 관측(검증용)
2,cell_965500_1762500,다마65b62b,송천2동·송천1동,965500,1762500,966000,1763000,25,127.12065,35.860703,5076,97,4100,탄소 상위 100 (97위) / 건축HUB+K-apt 함께 관측(검증용)
2,cell_969500_1758500,다마69b58b,인후3동,969500,1758500,970000,1759000,25,127.165105,35.824771,5074,98,3011,탄소 상위 100 (98위) / 건축HUB+K-apt 함께 관측(검증용)
2,cell_965500_1757000,다마65b57a,효자2동·중화산2동,965500,1757000,966000,1757500,25,127.120886,35.811115,5034,99,2708,탄소 상위 100 (99위) / 건축HUB+K-apt 함께 관측(검증용)
2,cell_964500_1756500,다마64b56b,효자3동·효자4동,964500,1756500,965000,1757000,25,127.109839,35.806572,5019,100,2855,탄소 상위 100 (100위) / 건축HUB+K-apt 함께 관측(검증용)
3,cell_964500_1758500,다마64b58b,효자5동,964500,1758500,965000,1759000,25,127.109751,35.824604,5013,101,2161,탄소 상위 200 (101위) / 건축HUB+K-apt 함께 관측(검증용)
3,cell_961000_1756500,다마61a56b,효자4동·삼천3동,961000,1756500,961500,1757000,25,127.071101,35.80644,4982,102,83,탄소 상위 200 (102위)
3,cell_964000_1758500,다마64a58b,효자5동,964000,1758500,964500,1759000,25,127.104216,35.824586,4895,103,2308,탄소 상위 200 (103위)
3,cell_965500_1760500,다마65b60b,덕진동,965500,1760500,966000,1761000,25,127.120736,35.842671,4886,104,1218,탄소 상위 200 (104위)
3,cell_965500_1756500,다마65b56b,효자2동,965500,1756500,966000,1757000,25,127.120908,35.806607,4874,105,3553,탄소 상위 200 (105위) / 건축HUB+K-apt 함께 관측(검증용)
3,cell_965500_1761000,다마65b61a,덕진동,965500,1761000,966000,1761500,25,127.120715,35.847179,4728,107,806,탄소 상위 200 (107위)
3,cell_961000_1759000,다마61a59a,혁신동,961000,1759000,961500,1759500,25,127.07098,35.82898,4701,108,63,탄소 상위 200 (108위)
3,cell_962000_1764000,다마62a64a,여의동,962000,1764000,962500,1764500,25,127.081814,35.874099,4680,109,3986,탄소 상위 200 (109위) / 건축HUB+K-apt 함께 관측(검증용)
3,cell_968500_1759500,다마68b59b,인후1동·인후3동,968500,1759500,969000,1760000,25,127.153995,35.833756,4667,110,3948,탄소 상위 200 (110위) / 건축HUB+K-apt 함께 관측(검증용)
3,cell_968500_1757500,다마68b57b,풍남동,968500,1757500,969000,1758000,25,127.154073,35.815724,4644,111,523,탄소 상위 200 (111위)
3,cell_967000_1755500,다마67a55b,평화1동·평화2동,967000,1755500,967500,1756000,25,127.137551,35.797643,4596,112,3112,탄소 상위 200 (112위)
3,cell_960500_1760000,다마60b60a,혁신동,960500,1760000,961000,1760500,25,127.065395,35.837976,4536,113,2005,탄소 상위 200 (113위) / 건축HUB+K-apt 함께 관측(검증용)
3,cell_969000_1759500,다마69a59b,인후3동,969000,1759500,969500,1760000,25,127.159531,35.833771,4508,114,3510,탄소 상위 200 (114위) / 건축HUB+K-apt 함께 관측(검증용)
3,cell_967500_1760500,다마67b60b,금암2동·인후2동,967500,1760500,968000,1761000,25,127.142882,35.842739,4465,116,3558,탄소 상위 200 (116위) / 건축HUB+K-apt 함께 관측(검증용)
3,cell_960500_1760500,다마60b60b,혁신동·여의동,960500,1760500,961000,1761000,25,127.06537,35.842484,4322,117,1111,탄소 상위 200 (117위) / 건축HUB+K-apt 함께 관측(검증용)
3,cell_965000_1759000,다마65a59a,서신동,965000,1759000,965500,1759500,25,127.115265,35.82913,4245,119,3079,탄소 상위 200 (119위) / 건축HUB+K-apt 함께 관측(검증용)
3,cell_963500_1757000,다마63b57a,효자4동,963500,1757000,964000,1757500,25,127.098749,35.811044,4131,120,4504,탄소 상위 200 (120위) / 건축HUB+K-apt 함께 관측(검증용)
3,cell_965500_1758000,다마65b58a,중화산2동,965500,1758000,966000,1758500,25,127.120843,35.820131,4130,121,2801,탄소 상위 200 (121위)
3,cell_965500_1758500,다마65b58b,중화산2동·서신동,965500,1758500,966000,1759000,25,127.120822,35.824639,4069,123,2471,탄소 상위 200 (123위) / 건축HUB+K-apt 함께 관측(검증용)
3,cell_965000_1762000,다마65a62a,팔복동·송천2동,965000,1762000,965500,1762500,25,127.115134,35.856178,4049,124,2551,탄소 상위 200 (124위) / 건축HUB+K-apt 함께 관측(검증용)
3,cell_970000_1760000,다마70a60a,우아2동,970000,1760000,970500,1760500,25,127.170584,35.83831,4025,125,319,탄소 상위 200 (125위)
3,cell_965000_1757000,다마65a57a,효자2동·효자3동,965000,1757000,965500,1757500,25,127.115352,35.811098,3942,126,3939,탄소 상위 200 (126위) / 건축HUB+K-apt 함께 관측(검증용)
3,cell_967500_1763000,다마67b63a,호성동·송천1동,967500,1763000,968000,1763500,25,127.142781,35.865279,3845,127,963,탄소 상위 200 (127위) / 건축HUB+K-apt 함께 관측(검증용)
3,cell_967500_1759000,다마67b59a,진북동·노송동,967500,1759000,968000,1759500,25,127.142943,35.829215,3806,128,1465,탄소 상위 200 (128위)
3,cell_959000_1759500,다마59a59b,이서면,959000,1759500,959500,1760000,25,127.048812,35.833407,3710,129,0,탄소 상위 200 (129위)
3,cell_966000_1754500,다마66a54b,평화2동,966000,1754500,966500,1755000,25,127.126526,35.788593,3675,130,2430,탄소 상위 200 (130위) / 건축HUB+K-apt 함께 관측(검증용)
3,cell_965000_1763500,다마65a63b,송천2동,965000,1763500,965500,1764000,25,127.115069,35.869702,3637,131,886,탄소 상위 200 (131위)
3,cell_967000_1760000,다마67a60a,금암1동·금암2동,967000,1760000,967500,1760500,25,127.137366,35.838215,3620,132,4056,탄소 상위 200 (132위) / 건축HUB+K-apt 함께 관측(검증용)
3,cell_968000_1761000,다마68a61a,인후2동,968000,1761000,968500,1761500,25,127.148399,35.847264,3615,133,2558,탄소 상위 200 (133위) / 건축HUB+K-apt 함께 관측(검증용)
3,cell_970000_1759500,다마70a59b,우아2동,970000,1759500,970500,1760000,25,127.170603,35.833802,3593,134,3529,탄소 상위 200 (134위) / 건축HUB+K-apt 함께 관측(검증용)
3,cell_967000_1760500,다마67a60b,금암1동·금암2동,967000,1760500,967500,1761000,25,127.137346,35.842723,3108,137,3927,탄소 상위 200 (137위)
3,cell_959500_1759500,다마59b59b,이서면·혁신동,959500,1759500,960000,1760000,25,127.054348,35.833427,3102,138,1228,탄소 상위 200 (138위)
3,cell_965500_1763500,다마65b63b,송천2동·송천1동,965500,1763500,966000,1764000,25,127.120607,35.869719,3046,139,479,탄소 상위 200 (139위)
3,cell_959500_1759000,다마59b59a,혁신동,959500,1759000,960000,1759500,25,127.054373,35.828919,3032,140,0,탄소 상위 200 (140위)
3,cell_966500_1758500,다마66b58b,진북동·중앙동,966500,1758500,967000,1759000,25,127.131893,35.824674,3028,141,1628,탄소 상위 200 (141위) / 건축HUB+K-apt 함께 관측(검증용)
3,cell_961500_1761500,다마61b61b,여의동·혁신동,961500,1761500,962000,1762000,25,127.076396,35.851539,3000,142,172,탄소 상위 200 (142위)
3,cell_965500_1755000,다마65b55a,삼천2동·평화2동,965500,1755000,966000,1755500,25,127.120972,35.793083,2996,143,5584,탄소 상위 200 (143위) / 건축HUB+K-apt 함께 관측(검증용)
3,cell_970500_1759000,다마70b59a,우아2동,970500,1759000,971000,1759500,25,127.176157,35.829309,2790,146,527,탄소 상위 200 (146위)
3,cell_968500_1757000,다마68b57a,풍남동·동서학동,968500,1757000,969000,1757500,25,127.154093,35.811216,2715,148,830,탄소 상위 200 (148위)
3,cell_969500_1760500,다마69b60b,우아2동·우아1동,969500,1760500,970000,1761000,25,127.165029,35.842803,2682,150,3121,탄소 상위 200 (150위) / 건축HUB+K-apt 함께 관측(검증용)
3,cell_968000_1757000,다마68a57a,풍남동·완산동·서서학동,968000,1757000,968500,1757500,25,127.148558,35.811199,2668,151,476,탄소 상위 200 (151위)
3,cell_963500_1756000,다마63b56a,효자4동,963500,1756000,964000,1756500,25,127.098794,35.802028,2668,152,836,탄소 상위 200 (152위)
3,cell_966000_1758000,다마66a58a,중화산2동·진북동,966000,1758000,966500,1758500,25,127.126378,35.820149,2664,153,1703,탄소 상위 200 (153위) / 건축HUB+K-apt 함께 관측(검증용)
3,cell_960500_1761000,다마60b61a,여의동·혁신동,960500,1761000,961000,1761500,25,127.065346,35.846992,2650,154,33,탄소 상위 200 (154위)
3,cell_960000_1762500,다마60a62b,여의동,960000,1762500,960500,1763000,25,127.059734,35.860496,2593,155,1135,탄소 상위 200 (155위) / 건축HUB+K-apt 함께 관측(검증용)
3,cell_964000_1761000,다마64a61a,팔복동,964000,1761000,964500,1761500,25,127.104104,35.847126,2571,156,1650,탄소 상위 200 (156위) / 건축HUB+K-apt 함께 관측(검증용)
3,cell_961500_1762000,다마61b62a,여의동,961500,1762000,962000,1762500,25,127.076372,35.856047,2537,157,13,탄소 상위 200 (157위)
3,cell_966500_1753500,다마66b53b,평화2동,966500,1753500,967000,1754000,25,127.1321,35.779594,2500,159,273,탄소 상위 200 (159위) / 건축HUB+K-apt 함께 관측(검증용)
3,cell_969000_1758500,다마69a58b,노송동·인후3동,969000,1758500,969500,1759000,25,127.159569,35.824755,2500,160,2070,탄소 상위 200 (160위) / 건축HUB+K-apt 함께 관측(검증용)
3,cell_966500_1762500,다마66b62b,송천1동,966500,1762500,967000,1763000,25,127.131726,35.860738,2454,161,2651,탄소 상위 200 (161위) / 건축HUB+K-apt 함께 관측(검증용)
3,cell_967500_1759500,다마67b59b,인후2동·진북동·금암2동,967500,1759500,968000,1760000,25,127.142923,35.833723,2434,162,2031,탄소 상위 200 (162위)
3,cell_969000_1759000,다마69a59a,인후3동,969000,1759000,969500,1759500,25,127.15955,35.829263,2382,163,2442,탄소 상위 200 (163위)
3,cell_962500_1758500,다마62b58b,효자5동,962500,1758500,963000,1759000,25,127.08761,35.82453,2314,164,5,탄소 상위 200 (164위)
3,cell_966000_1760000,다마66a60a,덕진동·금암1동,966000,1760000,966500,1760500,25,127.126294,35.838181,2266,165,902,탄소 상위 200 (165위)
3,cell_964000_1763500,다마64a63b,팔복동·송천2동,964000,1763500,964500,1764000,25,127.103992,35.869666,2253,166,8,탄소 상위 200 (166위)
3,cell_965500_1754500,다마65b54b,평화2동,965500,1754500,966000,1755000,25,127.120993,35.788575,2247,167,2472,탄소 상위 200 (167위) / 건축HUB+K-apt 함께 관측(검증용)
3,cell_968500_1756500,다마68b56b,동서학동,968500,1756500,969000,1757000,25,127.154112,35.806707,2213,169,3172,탄소 상위 200 (169위) / 건축HUB+K-apt 함께 관측(검증용)
3,cell_967000_1758000,다마67a58a,중앙동·중화산1동,967000,1758000,967500,1758500,25,127.137448,35.820183,2207,170,766,탄소 상위 200 (170위)
3,cell_966000_1755000,다마66a55a,평화2동·삼천2동,966000,1755000,966500,1755500,25,127.126505,35.793101,2180,171,2184,탄소 상위 200 (171위) / 건축HUB+K-apt 함께 관측(검증용)
3,cell_966500_1759000,다마66b59a,진북동,966500,1759000,967000,1759500,25,127.131872,35.829182,2173,172,3494,탄소 상위 200 (172위)
3,cell_964500_1761000,다마64b61a,덕진동,964500,1761000,965000,1761500,25,127.109641,35.847144,2131,174,2834,탄소 상위 200 (174위) / 건축HUB+K-apt 함께 관측(검증용)
3,cell_968000_1759500,다마68a59b,인후2동,968000,1759500,968500,1760000,25,127.148459,35.83374,2045,175,2090,탄소 상위 200 (175위)
3,cell_962000_1763500,다마62a63b,여의동,962000,1763500,962500,1764000,25,127.081838,35.869591,1905,176,1631,탄소 상위 200 (176위) / 건축HUB+K-apt 함께 관측(검증용)
3,cell_969000_1757000,다마69a57a,동서학동·풍남동,969000,1757000,969500,1757500,25,127.159627,35.811231,1889,177,118,탄소 상위 200 (177위)
3,cell_968000_1760000,다마68a60a,인후2동,968000,1760000,968500,1760500,25,127.148439,35.838248,1816,178,458,탄소 상위 200 (178위)
3,cell_968000_1760500,다마68a60b,인후2동,968000,1760500,968500,1761000,25,127.148419,35.842756,1784,179,2537,탄소 상위 200 (179위) / 건축HUB+K-apt 함께 관측(검증용)
3,cell_964500_1755000,다마64b55a,삼천3동,964500,1755000,965000,1755500,25,127.109906,35.793048,1721,180,53,탄소 상위 200 (180위)
3,cell_963500_1757500,다마63b57b,효자5동,963500,1757500,964000,1758000,25,127.098726,35.815552,1664,181,1633,탄소 상위 200 (181위)
3,cell_966500_1760500,다마66b60b,덕진동·금암1동,966500,1760500,967000,1761000,25,127.131809,35.842706,1621,182,2309,탄소 상위 200 (182위)
3,cell_961000_1763000,다마61a63a,여의동,961000,1763000,961500,1763500,25,127.070785,35.865044,1620,183,23,탄소 상위 200 (183위)
3,cell_960000_1759000,다마60a59a,혁신동,960000,1759000,960500,1759500,25,127.059909,35.82894,1593,184,0,탄소 상위 200 (184위)
3,cell_968000_1763500,다마68a63b,호성동,968000,1763500,968500,1764000,25,127.1483,35.869804,1588,185,61,탄소 상위 200 (185위)
3,cell_965000_1761500,다마65a61b,덕진동·팔복동,965000,1761500,965500,1762000,25,127.115156,35.85167,1558,187,2089,탄소 상위 200 (187위)
3,cell_967000_1763000,다마67a63a,송천1동,967000,1763000,967500,1763500,25,127.137243,35.865263,1535,188,1145,탄소 상위 200 (188위) / 건축HUB+K-apt 함께 관측(검증용)
3,cell_960000_1761000,다마60a61a,여의동·혁신동,960000,1761000,960500,1761500,25,127.059809,35.846972,1446,192,1561,탄소 상위 200 (192위) / 건축HUB+K-apt 함께 관측(검증용)
3,cell_968500_1758000,다마68b58a,노송동,968500,1758000,969000,1758500,25,127.154054,35.820232,1426,193,952,탄소 상위 200 (193위)
3,cell_962500_1758000,다마62b58a,효자4동·효자5동,962500,1758000,963000,1758500,25,127.087633,35.820022,1399,194,693,탄소 상위 200 (194위)
3,cell_964500_1763500,다마64b63b,송천2동,964500,1763500,965000,1764000,25,127.10953,35.869684,1358,196,18,탄소 상위 200 (196위)
3,cell_968500_1758500,다마68b58b,노송동,968500,1758500,969000,1759000,25,127.154034,35.82474,1326,197,903,탄소 상위 200 (197위)
3,cell_964000_1762000,다마64a62a,팔복동,964000,1762000,964500,1762500,25,127.104059,35.856142,1315,198,744,탄소 상위 200 (198위)
3,cell_962500_1762000,다마62b62a,팔복동,962500,1762000,963000,1762500,25,127.087447,35.856086,1288,199,113,탄소 상위 200 (199위)
3,cell_965500_1759000,다마65b59a,서신동,965500,1759000,966000,1759500,25,127.1208,35.829147,1288,200,1256,탄소 상위 200 (200위)
3,cell_967000_1757000,다마67a57a,완산동,967000,1757000,967500,1757500,25,127.137489,35.811167,1188,210,1639,건축HUB+K-apt 함께 관측(검증용)
3,cell_966500_1757500,다마66b57b,중화산1동,966500,1757500,967000,1758000,25,127.131934,35.815658,1150,215,2305,건축HUB+K-apt 함께 관측(검증용)
3,cell_967500_1756000,다마67b56a,서서학동·평화1동,967500,1756000,968000,1756500,25,127.143064,35.802167,1149,217,1284,건축HUB+K-apt 함께 관측(검증용)
3,cell_966000_1762000,다마66a62a,송천1동,966000,1762000,966500,1762500,25,127.126209,35.856213,1145,218,1359,건축HUB+K-apt 함께 관측(검증용)
3,cell_969500_1758000,다마69b58a,노송동·인후3동,969500,1758000,970000,1758500,25,127.165124,35.820263,1117,223,841,건축HUB+K-apt 함께 관측(검증용)
3,cell_967000_1756500,다마67a56b,효자1동·완산동,967000,1756500,967500,1757000,25,127.13751,35.806659,1082,227,1587,건축HUB+K-apt 함께 관측(검증용)
3,cell_965000_1754500,다마65a54b,평화2동·삼천3동,965000,1754500,965500,1755000,25,127.11546,35.788558,952,237,512,건축HUB+K-apt 함께 관측(검증용)
3,cell_970500_1755500,다마70b55b,동서학동,970500,1755500,971000,1756000,25,127.176285,35.797753,841,245,650,건축HUB+K-apt 함께 관측(검증용)
